,A,E,A,F,I,Q,S,A
Y,0.08541558682918549,0.1931416243314743,0.07118253409862518,0.15528042614459991,0.09998814761638641,0.2591198682785034,0.10145160555839539,0.0849418193101883
Y,0.10055668652057648,0.20799177885055542,0.08292471617460251,0.11780913174152374,0.09220847487449646,0.23597115278244019,0.10221360623836517,0.09145129472017288
A,0.09268958866596222,0.31188586354255676,0.10006922483444214,0.09765224903821945,0.07712672650814056,0.09777629375457764,0.10664495825767517,0.10686977207660675
M,0.15266083180904388,1.7111037969589233,0.15849536657333374,0.45546889305114746,0.0874466672539711,0.08788871020078659,0.12012293934822083,0.09059831500053406
Y,0.18553607165813446,0.17154961824417114,0.12040126323699951,0.07554655522108078,0.10426416993141174,0.1671009063720703,0.1415470391511917,0.11290062963962555
Q,0.16069723665714264,1.8754680156707764,0.17423337697982788,0.2580874264240265,0.10092738270759583,0.08729861676692963,0.07430457323789597,0.05847407877445221
E,0.12464657425880432,0.22248558700084686,0.10563285648822784,0.14900754392147064,0.13578200340270996,0.10264620929956436,0.10952632129192352,0.07172369956970215
N,0.2500929534435272,1.3959168195724487,0.1785983443260193,0.16799530386924744,0.52262943983078,0.11578799784183502,0.0697348341345787,0.2275150716304779
V,0.1538933366537094,0.10634524375200272,0.13208816945552826,0.08684418350458145,0.09962253272533417,0.13806258141994476,0.16591325402259827,0.12132707238197327
A,0.1275467574596405,0.4286307096481323,0.17100051045417786,0.13673527538776398,0.09804030507802963,0.08262254297733307,0.324722021818161,0.11661411076784134
Q,0.1217363253235817,0.9807206392288208,0.13696584105491638,0.24934014678001404,0.059328388422727585,0.0970485508441925,0.14064045250415802,0.07797019928693771
T,0.282500296831131,0.09537172317504883,0.1708742082118988,0.08855943381786346,0.2131289690732956,0.3050594925880432,0.09100476652383804,0.12665067613124847
D,0.3158300817012787,0.4856690764427185,0.4245535433292389,0.4904691278934479,0.35740384459495544,0.08330532163381577,0.06713409721851349,0.27321210503578186
V,0.08973628282546997,0.15736894309520721,0.06318411976099014,0.05084671080112457,0.07028362900018692,0.1693229079246521,0.07893472909927368,0.09045147150754929
D,0.26124876737594604,0.3599005341529846,0.3933089077472687,0.6455188393592834,0.1623399257659912,0.062278490513563156,0.05512053892016411,0.3237755596637726
T,0.31683477759361267,0.04264621436595917,0.10942701250314713,0.14600053429603577,0.2451939582824707,0.2573053240776062,0.08282195031642914,0.11946374177932739
L,0.08600132167339325,0.9278888702392578,0.07444790750741959,0.5510914325714111,0.17661705613136292,0.1406230330467224,0.13857480883598328,0.07722312211990356
Y,0.09303352981805801,0.08595967292785645,0.0782124251127243,0.12356388568878174,0.13572482764720917,0.16073106229305267,0.18387611210346222,0.0886838436126709
I,0.1521194577217102,1.1381738185882568,0.07130100578069687,0.6519390344619751,0.26525798439979553,0.1545485556125641,0.10303076356649399,0.15765881538391113
I,0.1829356849193573,1.120875358581543,0.0818592831492424,0.5681391954421997,0.2637488842010498,0.15894339978694916,0.08540256321430206,0.1355602890253067
Y,0.11985453963279724,0.1355448067188263,0.08960287272930145,0.08193015307188034,0.15906178951263428,0.18330538272857666,0.13971471786499023,0.06835543364286423
R,0.2996835708618164,0.17514368891716003,0.2509121894836426,0.21536587178707123,0.20087051391601562,0.15034689009189606,0.060493361204862595,0.07349599152803421
D,0.3751571476459503,0.5655988454818726,0.4867189824581146,0.8063309788703918,0.20232467353343964,0.04575568810105324,0.025842245668172836,0.30560147762298584
Y,0.09053465723991394,0.09404473006725311,0.09020751714706421,0.07216311246156693,0.12635311484336853,0.12540139257907867,0.09546242654323578,0.07807495445013046
T,0.32087406516075134,0.058730870485305786,0.15843965113162994,0.1206759363412857,0.5487410426139832,0.12464923411607742,0.0681055337190628,0.14937923848628998
W,0.22145742177963257,0.039603956043720245,0.19424568116664886,0.20418255031108856,0.13784191012382507,0.1917807161808014,0.18045783042907715,0.16956445574760437
A,0.17806683480739594,0.16824223101139069,0.27590832114219666,0.09444811195135117,0.114481620490551,0.07567624747753143,0.13107039034366608,0.15626555681228638
A,0.1908053457736969,0.14291943609714508,0.25293534994125366,0.09435117244720459,0.1371382474899292,0.08303996175527573,0.13002844154834747,0.17363177239894867
Q,0.17567582428455353,0.3937011957168579,0.2162434458732605,0.18141454458236694,0.17655456066131592,0.08383076637983322,0.12875336408615112,0.1995178610086441
A,0.17722120881080627,0.10646408051252365,0.22724385559558868,0.08442048728466034,0.15032732486724854,0.07661955803632736,0.11930978298187256,0.14025788009166718
Y,0.11810456961393356,0.04557006061077118,0.10253669321537018,0.09492380172014236,0.13978694379329681,0.10765872150659561,0.1244310587644577,0.10151908546686172
R,0.4139167368412018,0.07911644876003265,0.31542983651161194,0.17457270622253418,0.19122759997844696,0.16757239401340485,0.15891146659851074,0.07627004384994507
W,0.16240230202674866,0.04152267053723335,0.1188565194606781,0.09471314400434494,0.09997426718473434,0.1494162678718567,0.11165931075811386,0.08907804638147354
Y,0.048177920281887054,0.049894750118255615,0.043113499879837036,0.08813514560461044,0.0781736895442009,0.14287319779396057,0.08092130720615387,0.06724581867456436
sum,6.227643966674805,14.115192413330078,5.721155166625977,7.673524379730225,5.829919338226318,4.671368598937988,3.897883176803589,4.401323318481445
posi,1.0,2.0,3.0,4.0,5.0,6.0,7.0,8.0
contrib,0.11853596898974406,0.2686662916416098,0.10889554300882581,0.14605662314434037,0.11096574267679063,0.08891407510552249,0.07419167856153747,0.08377407687162938
