,K,K,A,E,A,F,I,Q,P,I
Y,0.1004004254937172,0.10499021410942078,0.07129116356372833,0.23051218688488007,0.07088682055473328,0.21590808033943176,0.1256825178861618,0.16525724530220032,0.06750490516424179,0.0754748284816742
Y,0.11121363192796707,0.11703790724277496,0.09071527421474457,0.24010339379310608,0.08835476636886597,0.20214970409870148,0.1112816110253334,0.16301168501377106,0.07655932009220123,0.06715051829814911
A,0.18712779879570007,0.20553262531757355,0.08952684700489044,0.253868043422699,0.10880224406719208,0.1850259155035019,0.19645839929580688,0.1786087602376938,0.16142061352729797,0.18263021111488342
M,0.9887863993644714,0.7432917356491089,0.04246434196829796,0.4878760278224945,0.03889532759785652,0.5387314558029175,0.09507640451192856,0.06326263397932053,0.21594178676605225,0.10351570695638657
Y,0.13546405732631683,0.12896400690078735,0.10756982862949371,0.17832720279693604,0.11992982774972916,0.1441783457994461,0.13874682784080505,0.13791564106941223,0.17318938672542572,0.0838986188173294
R,0.23109757900238037,0.22797687351703644,0.4547766447067261,0.11299221217632294,0.10039545595645905,0.2623128294944763,0.11243056505918503,0.17273791134357452,0.2984389066696167,0.12400098145008087
N,1.0576555728912354,0.4354378879070282,0.0972336083650589,0.36584827303886414,0.0603385791182518,0.08625173568725586,0.3043694496154785,0.18616124987602234,0.18477390706539154,0.97867351770401
N,1.0210925340652466,0.4709774851799011,0.08894176781177521,0.38886934518814087,0.06517793238162994,0.09334050118923187,0.37210509181022644,0.16722926497459412,0.16545327007770538,0.8940654397010803
V,0.08258361369371414,0.08781614899635315,0.1987450122833252,0.15846191346645355,0.17486776411533356,0.14134377241134644,0.08061613142490387,0.3657644987106323,0.7054092884063721,0.06366144120693207
A,0.19907452166080475,0.19889824092388153,0.17164357006549835,0.3886711895465851,0.13510790467262268,0.3101937472820282,0.1306687742471695,0.12797489762306213,0.12543953955173492,0.1354769766330719
Q,0.36768507957458496,0.2642161250114441,0.06683005392551422,0.38593989610671997,0.06263875216245651,0.43665966391563416,0.04469314590096474,0.0718570351600647,0.09915420413017273,0.17861582338809967
T,0.060002557933330536,0.05994122475385666,0.10644009709358215,0.10917005687952042,0.08225783705711365,0.17193886637687683,0.19010736048221588,0.17672237753868103,0.12629419565200806,0.18173763155937195
D,0.4165641665458679,0.4317728877067566,0.40889644622802734,0.26653897762298584,0.19495858252048492,0.3113279640674591,0.2013038694858551,0.11311665922403336,0.6062439680099487,0.42283207178115845
V,0.0613081119954586,0.06494782119989395,0.07013138383626938,0.1571713536977768,0.09214834123849869,0.13714878261089325,0.09381071478128433,0.3557850420475006,0.2613074779510498,0.05997001752257347
D,0.3675376772880554,0.4185295104980469,0.4510258734226227,0.25756677985191345,0.21727432310581207,0.3886357247829437,0.14785054326057434,0.11285257339477539,0.7329300045967102,0.3231790065765381
T,0.11910134553909302,0.11722369492053986,0.08617386966943741,0.03308582678437233,0.051151663064956665,0.20383580029010773,0.29393818974494934,0.11651279777288437,0.198906809091568,0.2272421419620514
L,0.3479515314102173,0.25359028577804565,0.09575976431369781,0.5184035301208496,0.11305037140846252,0.3562251329421997,0.10144968330860138,0.09527090191841125,0.14846324920654297,0.2599725127220154
Y,0.20207403600215912,0.22566241025924683,0.06328333914279938,0.10777520388364792,0.06458510458469391,0.12914027273654938,0.14777535200119019,0.13668444752693176,0.0906858742237091,0.10313966870307922
I,0.3799152076244354,0.3068074882030487,0.07216796278953552,1.0599194765090942,0.16760727763175964,0.8769251108169556,0.1902330219745636,0.09058485180139542,0.09935954213142395,0.4204724431037903
M,0.6477612257003784,0.5355405807495117,0.027870355173945427,1.2000831365585327,0.032512418925762177,0.98055100440979,0.26696938276290894,0.07022189348936081,0.07273758202791214,0.5278207063674927
Y,0.14385627210140228,0.16121011972427368,0.06779205799102783,0.13818812370300293,0.05683979392051697,0.11663814634084702,0.14329896867275238,0.15317204594612122,0.10554073750972748,0.1416340470314026
R,0.2563829720020294,0.25300419330596924,0.23402272164821625,0.10401150584220886,0.06283488124608994,0.523810863494873,0.1418423354625702,0.11205129325389862,0.2507818341255188,0.3956599831581116
D,0.43151214718818665,0.40186285972595215,0.39792558550834656,0.24202968180179596,0.21198463439941406,0.6426061391830444,0.3092661499977112,0.04933304712176323,1.0994459390640259,0.36095771193504333
Y,0.10659010708332062,0.10207977890968323,0.08462504297494888,0.11467620730400085,0.06998990476131439,0.10649312287569046,0.14575572311878204,0.13931988179683685,0.04366162791848183,0.12056703865528107
T,0.08395794779062271,0.08959859609603882,0.15855923295021057,0.0359564833343029,0.1331363171339035,0.1229981780052185,0.42852941155433655,0.13314568996429443,0.11293758451938629,0.4612726867198944
W,0.14782197773456573,0.14417964220046997,0.20972801744937897,0.03660360723733902,0.12192729115486145,0.11184260249137878,0.10410250723361969,0.22478526830673218,0.2933848202228546,0.1451272815465927
A,0.10084591060876846,0.122427798807621,0.24092742800712585,0.13825586438179016,0.1720159351825714,0.11545076221227646,0.21149277687072754,0.11649393290281296,0.09639609605073929,0.3842344582080841
V,0.059144943952560425,0.07337088882923126,0.16283638775348663,0.12816883623600006,0.15281715989112854,0.0986253097653389,0.10350118577480316,0.21307794749736786,0.0890759825706482,0.09419722110033035
W,0.085530586540699,0.09220098704099655,0.3913736641407013,0.02091175504028797,0.2711171805858612,0.15107744932174683,0.23974739015102386,0.13275682926177979,0.347751259803772,0.21806718409061432
A,0.1763778030872345,0.2350488305091858,0.16702507436275482,0.09057413041591644,0.10496694594621658,0.1524459719657898,0.5003988742828369,0.081977978348732,0.0671796202659607,0.2652272582054138
Y,0.09087060391902924,0.09829317033290863,0.08024085313081741,0.04856166988611221,0.08725933730602264,0.18596535921096802,0.2300063520669937,0.09222039580345154,0.042171210050582886,0.10734127461910248
T,0.14201340079307556,0.16117146611213684,0.08490563929080963,0.029955841600894928,0.0617997869849205,0.15755827724933624,0.1756247729063034,0.13032563030719757,0.047644514590501785,0.2521284818649292
W,0.2399921715259552,0.259917289018631,0.1021723598241806,0.02400088496506214,0.06749753654003143,0.10766488313674927,0.11728101223707199,0.13930827379226685,0.081059031188488,0.07256950438022614
Y,0.11615022271871567,0.1296856552362442,0.036897383630275726,0.0630500540137291,0.03875374048948288,0.1934203803539276,0.12139793485403061,0.21686400473117828,0.037070199847221375,0.057240813970565796
sum,9.2654447555542,7.723206520080566,5.280518531799316,8.116127967834473,3.653881311416626,8.958422660827637,6.317812919616699,5.002364635467529,7.324314117431641,8.489754676818848
posi,1.0,2.0,3.0,4.0,5.0,6.0,7.0,8.0,9.0,10.0
contrib,0.13211465271468706,0.11012409810469159,0.07529415914588851,0.11572670887877681,0.052100171470896545,0.1277368685401907,0.0900847915898667,0.07132800248696695,0.10443634833802237,0.12105419873001275
