,S,E,L,F,R,S,G,L,D,S,Y
Y,0.15934410691261292,0.14015552401542664,0.2453780621290207,0.15542608499526978,0.17331340909004211,0.18016010522842407,0.24421760439872742,0.1781104952096939,0.1712084263563156,0.1249636635184288,0.08190128207206726
Y,0.18976305425167084,0.15486615896224976,0.2210613191127777,0.1176542192697525,0.17648793756961823,0.15693005919456482,0.23316942155361176,0.14335572719573975,0.17109057307243347,0.11070583760738373,0.05815286934375763
A,0.16325068473815918,0.15447789430618286,0.11938988417387009,0.1777990460395813,0.1271228790283203,0.21783415973186493,0.21913933753967285,0.14443758130073547,0.3280649781227112,0.2091800570487976,0.09063331037759781
M,0.5495662689208984,1.4523295164108276,0.1202501505613327,0.13247281312942505,0.12374768406152725,0.10141302645206451,0.03981982544064522,0.10940824449062347,0.051737282425165176,0.17336134612560272,0.7436490058898926
Y,0.21340616047382355,0.14780138432979584,0.13464686274528503,0.0805501863360405,0.16546295583248138,0.18653017282485962,0.19311276078224182,0.11161866039037704,0.17454609274864197,0.13124389946460724,0.0676671639084816
R,0.7701769471168518,0.17230521142482758,0.26660239696502686,0.13186846673488617,0.08163830637931824,0.11209498345851898,0.2909048795700073,0.24288594722747803,0.3487810790538788,0.2186213880777359,0.1369701474905014
N,0.08977624773979187,1.2090668678283691,0.17003421485424042,0.10268144309520721,0.07731442898511887,0.0977572575211525,0.2446492314338684,0.12197568267583847,0.388166606426239,0.13709165155887604,1.9109046459197998
N,0.08269128203392029,1.17391836643219,0.18989089131355286,0.1125803291797638,0.08508681505918503,0.08967139571905136,0.28740283846855164,0.11661200225353241,0.4125105142593384,0.11619116365909576,1.8735393285751343
V,0.16688019037246704,0.09633758664131165,0.07768715918064117,0.14173977077007294,0.0571359321475029,0.24113810062408447,0.20639269053936005,0.08778830617666245,0.1664091795682907,0.26957324147224426,0.14662864804267883
A,0.20260754227638245,0.29772695899009705,0.11702683568000793,0.19215098023414612,0.1819503903388977,0.28801199793815613,0.16342762112617493,0.10850688815116882,0.3487222492694855,0.49342042207717896,0.22229266166687012
Q,0.11828134208917618,0.4965592920780182,0.13094744086265564,0.15336115658283234,0.26881396770477295,0.20776823163032532,0.1729833036661148,0.06742194294929504,0.32992708683013916,0.08744799345731735,0.6938431262969971
T,0.06934310495853424,0.10297568887472153,0.15259769558906555,0.1286015510559082,0.08468735218048096,0.1338212490081787,0.09203454107046127,0.1368144154548645,0.1492897868156433,0.058677151799201965,0.07734017074108124
D,0.31341373920440674,0.3790135681629181,1.0946696996688843,0.2882526218891144,0.14818339049816132,0.08662118762731552,0.23789943754673004,0.24725592136383057,0.34834587574005127,0.1966867446899414,0.1795807182788849
V,0.0837017223238945,0.1299058049917221,0.10714446753263474,0.08901046961545944,0.0895099863409996,0.19026081264019012,0.2699546813964844,0.10403856635093689,0.11672332882881165,0.2168949842453003,0.11337804049253464
D,0.29836970567703247,0.28102394938468933,1.100218415260315,0.48632630705833435,0.12266818434000015,0.08005910366773605,0.31240200996398926,0.240194171667099,0.5313977599143982,0.19349783658981323,0.11819843202829361
T,0.08830340951681137,0.04486804082989693,0.12449811398983002,0.23966561257839203,0.08146816492080688,0.08723100274801254,0.1500229835510254,0.13548544049263,0.15677741169929504,0.04948623478412628,0.2486942708492279
L,0.11503086984157562,0.42434704303741455,0.4186902344226837,0.37309175729751587,1.046550989151001,0.1281183660030365,0.08879861235618591,0.21710290014743805,0.12891916930675507,0.0702722817659378,0.44317102432250977
Y,0.1663757860660553,0.07739457488059998,0.14131154119968414,0.15943394601345062,0.15990620851516724,0.1648365557193756,0.140348881483078,0.16129492223262787,0.10465164482593536,0.1514173299074173,0.07536357641220093
I,0.19418965280056,1.1059373617172241,0.2745169997215271,0.1615431308746338,0.4060891568660736,0.11599960178136826,0.19168917834758759,0.16139933466911316,0.29430967569351196,0.1582775115966797,1.2888429164886475
M,0.785727322101593,1.866904854774475,0.17139428853988647,0.14459820091724396,0.09219162166118622,0.05717313662171364,0.03748401626944542,0.11144787818193436,0.05272515118122101,0.26210343837738037,1.1058481931686401
Y,0.1596790850162506,0.11774332821369171,0.11035317182540894,0.0897144079208374,0.136488676071167,0.22942128777503967,0.1666765660047531,0.10404570400714874,0.15558971464633942,0.23101851344108582,0.0962909609079361
R,0.6764249801635742,0.12363274395465851,0.2801985740661621,0.14163760840892792,0.09672781825065613,0.08964475989341736,0.21137331426143646,0.24208611249923706,0.3068324625492096,0.1947406381368637,0.1053634062409401
D,0.1289922446012497,0.47048306465148926,1.0030015707015991,0.2025480717420578,0.09754830598831177,0.07626806199550629,0.1370721459388733,0.1383952796459198,0.6161810159683228,0.12391270697116852,0.4149460792541504
Y,0.12542414665222168,0.10309435427188873,0.12316451221704483,0.08774854987859726,0.10188402980566025,0.1500052660703659,0.1500636339187622,0.1067928671836853,0.15200765430927277,0.17276373505592346,0.08362093567848206
T,0.10769321024417877,0.055360693484544754,0.14034424722194672,0.1399993598461151,0.06803546100854874,0.11156745254993439,0.2077658474445343,0.14087451994419098,0.17858392000198364,0.05783525109291077,0.2227545529603958
W,0.13960133492946625,0.04438057914376259,0.16311271488666534,0.1486891210079193,0.05536718666553497,0.17804883420467377,0.20152291655540466,0.1954987496137619,0.18436631560325623,0.2347414791584015,0.13791793584823608
A,0.14493195712566376,0.1271560788154602,0.10407058149576187,0.1414310485124588,0.1289648413658142,0.13842153549194336,0.12145376205444336,0.09631282091140747,0.31215307116508484,0.246873140335083,0.13057823479175568
V,0.10312159359455109,0.08544307947158813,0.07712934911251068,0.07719805091619492,0.05353618413209915,0.12043684720993042,0.1047583520412445,0.082750603556633,0.1142871230840683,0.12651783227920532,0.07706166803836823
W,0.14575792849063873,0.02528008073568344,0.3325387239456177,0.12074047327041626,0.06826204061508179,0.2049679160118103,0.097329281270504,0.246083065867424,0.15760530531406403,0.21961142122745514,0.09489798545837402
A,0.11843164265155792,0.09525477141141891,0.17412780225276947,0.13221518695354462,0.12542474269866943,0.12073524296283722,0.08124729990959167,0.17476512491703033,0.20929837226867676,0.15021224319934845,0.12484875321388245
Y,0.12617765367031097,0.045247793197631836,0.1644459366798401,0.09819255024194717,0.06630270183086395,0.16632845997810364,0.12486640363931656,0.1288788765668869,0.09796438366174698,0.12410183995962143,0.09682963788509369
T,0.05121728032827377,0.025893062353134155,0.1834573894739151,0.10933093726634979,0.0549921952188015,0.19068674743175507,0.20742295682430267,0.23527437448501587,0.13604454696178436,0.06465497612953186,0.17857615649700165
W,0.07679445296525955,0.027814552187919617,0.18796968460083008,0.13796734809875488,0.07611368596553802,0.13163131475448608,0.41142091155052185,0.2547929286956787,0.10970743745565414,0.1447889804840088,0.1269615888595581
Y,0.11990639567375183,0.046376682817935944,0.16454344987869263,0.11863818019628525,0.0781855508685112,0.18156041204929352,0.25869515538215637,0.14723721146583557,0.10413787513971329,0.11730142682790756,0.045059699565172195
sum,7.0443525314331055,11.301076889038086,8.586414337158203,5.314858436584473,4.957163333892822,5.013154983520508,6.297522068023682,5.240943431854248,7.609061241149902,5.638187885284424,11.612306594848633
posi,1.0,2.0,3.0,4.0,5.0,6.0,7.0,8.0,9.0,10.0,11.0
contrib,0.08960565785078134,0.1437520942550709,0.10922101099104366,0.06760612625061799,0.06305616870041464,0.06376839435588144,0.08010581600183983,0.06666591171786404,0.09678887237652359,0.07171894539531735,0.14771100210464522
