,F,R,S,G,L,D,S,Y,V
Y,0.12945693731307983,0.11952652782201767,0.1422681212425232,0.1628294438123703,0.19644199311733246,0.288747102022171,0.1330377757549286,0.10005780309438705,0.11760886758565903
Y,0.14543738961219788,0.13314898312091827,0.1394207626581192,0.17855730652809143,0.15654441714286804,0.3020310401916504,0.12323381006717682,0.09140089154243469,0.09139435738325119
A,0.16660626232624054,0.27273809909820557,0.17514148354530334,0.3824194669723511,0.13071484863758087,0.3573091924190521,0.23557966947555542,0.17874692380428314,0.08221866190433502
M,0.27718719840049744,1.2746978998184204,0.7440853714942932,0.03969353809952736,0.09837919473648071,0.0880444273352623,0.16214405000209808,0.1464177370071411,0.07139454782009125
Y,0.12793976068496704,0.10027369856834412,0.16738033294677734,0.15170437097549438,0.09678098559379578,0.28241416811943054,0.19392986595630646,0.09561261534690857,0.0784979984164238
R,0.24529559910297394,0.3967290222644806,0.4169507324695587,0.2869160771369934,0.2521151602268219,0.16797477006912231,0.28997519612312317,0.25473788380622864,0.21604114770889282
N,0.15228062868118286,0.9331344366073608,0.14424963295459747,0.08656038343906403,0.1621854305267334,1.074876308441162,0.08082602173089981,0.10089164972305298,0.7898814678192139
N,0.18926307559013367,0.8419176936149597,0.1458824872970581,0.1020294651389122,0.20061860978603363,1.0170310735702515,0.07382404059171677,0.12920239567756653,0.7975261807441711
V,0.14140629768371582,0.06834016740322113,0.16978611052036285,0.13502134382724762,0.0761193111538887,0.09161964803934097,0.2371133714914322,0.20176294445991516,0.10934200882911682
A,0.1388871818780899,0.5061597228050232,0.5005179643630981,0.3857566714286804,0.15668489038944244,0.4132935106754303,0.3986247479915619,0.2533964514732361,0.07589221745729446
Q,0.2581084072589874,0.2575778365135193,0.26879915595054626,0.16938431560993195,0.17033427953720093,0.21269109845161438,0.153411865234375,0.1386559158563614,0.07358729839324951
T,0.17990168929100037,0.05347921699285507,0.12295158952474594,0.06486691534519196,0.12948358058929443,0.12873506546020508,0.11809264868497849,0.15388929843902588,0.08459251374006271
D,0.4653969705104828,0.8459737300872803,0.21208754181861877,0.6831159591674805,0.31863439083099365,0.21769094467163086,0.07850664108991623,0.5607870221138,0.10356277227401733
V,0.08533532172441483,0.06435668468475342,0.07268454879522324,0.2053977996110916,0.07239805161952972,0.05929360166192055,0.11366543918848038,0.10913227498531342,0.05628810077905655
D,0.5039252042770386,0.9892320036888123,0.11562343686819077,0.9743959903717041,0.20951347053050995,0.30164840817451477,0.07142127305269241,0.6648967266082764,0.1279558390378952
T,0.7601519227027893,0.09489655494689941,0.11206169426441193,0.08723907172679901,0.12577807903289795,0.07746009528636932,0.10442321747541428,0.1414332091808319,0.09609533101320267
L,0.4851970672607422,1.0241947174072266,0.15626034140586853,0.07102638483047485,0.48169541358947754,0.14376944303512573,0.16980567574501038,0.14326556026935577,0.10963836312294006
Y,0.1785014420747757,0.12780432403087616,0.17145812511444092,0.1462082713842392,0.11797988414764404,0.1363171488046646,0.20097410678863525,0.09319006651639938,0.08726843446493149
I,0.8274196982383728,0.6763298511505127,0.09698744863271713,0.13509602844715118,0.27259814739227295,0.30158039927482605,0.08036575466394424,0.3352249264717102,0.20462068915367126
M,0.6410977840423584,1.10292649269104,0.9147248268127441,0.026103032752871513,0.11864015460014343,0.10873686522245407,0.18109340965747833,0.2047366052865982,0.19373035430908203
Y,0.1010463684797287,0.11276460438966751,0.14441151916980743,0.21583443880081177,0.07370707392692566,0.16099505126476288,0.15160614252090454,0.08751480281352997,0.11228134483098984
R,0.3017002046108246,0.2660961151123047,0.297645628452301,0.2779107391834259,0.1386422961950302,0.1027049645781517,0.08264392614364624,0.0821080356836319,0.16269466280937195
D,0.5242584347724915,1.0787354707717896,0.14930346608161926,0.312419056892395,0.20613093674182892,0.29352593421936035,0.04441995173692703,0.22193777561187744,0.2643676698207855
Y,0.07117282599210739,0.07943215221166611,0.11490209400653839,0.12920339405536652,0.08898916095495224,0.09396222233772278,0.0971224457025528,0.07874266058206558,0.08170506358146667
T,0.4889325201511383,0.06582885980606079,0.14601540565490723,0.10908092558383942,0.10377451777458191,0.09341030567884445,0.16568046808242798,0.13411152362823486,0.12022098153829575
W,0.21557188034057617,0.1623123288154602,0.14568376541137695,0.09406384080648422,0.1187443882226944,0.19617807865142822,0.17828640341758728,0.16578279435634613,0.12417874485254288
A,0.08065905421972275,0.16670745611190796,0.32135409116744995,0.15554359555244446,0.09346646070480347,0.279132604598999,0.169092059135437,0.12563157081604004,0.06768953800201416
V,0.11190064251422882,0.043550170958042145,0.06410619616508484,0.04972274973988533,0.0798984095454216,0.07642720639705658,0.12030844390392303,0.11368963867425919,0.050223495811223984
W,0.40647950768470764,0.20032358169555664,0.11144790798425674,0.038907263427972794,0.23663322627544403,0.21796080470085144,0.25682389736175537,0.14173291623592377,0.16772183775901794
A,0.09234325587749481,0.20479415357112885,0.20333890616893768,0.062851682305336,0.1807273030281067,0.2598784863948822,0.1258355677127838,0.1017027348279953,0.08056079596281052
Y,0.09099707752466202,0.04812512546777725,0.0984964668750763,0.07306145876646042,0.12699712812900543,0.2412867546081543,0.12538465857505798,0.08827710896730423,0.06350652873516083
T,0.4716014862060547,0.07070861011743546,0.07074915617704391,0.07146824151277542,0.1626170426607132,0.12287066131830215,0.11555865406990051,0.16467905044555664,0.11060798913240433
W,0.20787744224071503,0.2776052951812744,0.07648313045501709,0.14379413425922394,0.12086249887943268,0.09392226487398148,0.1049797385931015,0.12107063829898834,0.10427754372358322
Y,0.0973605141043663,0.09239295870065689,0.08639597147703171,0.19277560710906982,0.11147896200418472,0.09612327814102173,0.09918706864118576,0.08802004903554916,0.0603235587477684
sum,9.360696792602539,12.752814292907715,7.019654750823975,6.400959014892578,5.3863091468811035,8.099644660949707,5.036977767944336,5.812439918518066,5.1374969482421875
posi,1.0,2.0,3.0,4.0,5.0,6.0,7.0,8.0,9.0
contrib,0.1439952275642435,0.19617603655776863,0.10798307066906832,0.09846569869747825,0.08285738001357387,0.1245965126297714,0.07748362926404816,0.08941253277554376,0.07902991182850415
